GENE,POS,REF,ALT
WalK,86,R,L
WalK,117,A,V
WalK,222,R,K
WalK,468,A,T
WalK,555,R,H
WalK,567,A,D
VraS,15,V,G
VraR,24,T,K
VraR,59,E,D
VraR,81,M,I
VicK,86,R,L
VicK,117,A,V
VicK,222,R,K
VicK,468,A,T
VicK,555,R,H
VicK,567,A,D
TcaA,5,P,S
TcaA,202,M,T
TcaA,218,P,L
TcaA,230,E,D
TcaA,237,Y,H
TcaA,262,T,S
TcaA,283,R,H
TcaA,290,S,F
TcaA,312,G,D
TcaA,431,I,V
TcaA,441,E,K
TcaA,448,S,P
TcaB,1,M,V
TcaB,5,T,K
TcaB,6,H,Y
TcaB,105,V,I
TcaB,207,F,L
TcaB,232,I,L
TcaB,288,G,V
TcaB,360,V,I
TcaB,396,K,R
SrtA,167,G,E
SrtA,196,K,T
SaeS,203,L,V
SaeS,268,K,E
SaeS,340,M,I
SaeS,351,S,T
RpoB,160,S,A
RpoB,308,T,I
RpoB,466,L,S
RpoB,468,Q,L
RpoB,480,T,M
RpoB,481,H,*
RpoB,486,S,L
RpoB,737,Y,F
PhoR,63,K,E
PhoR,64,K,E
PhoR,90,A,P
PhoR,91,I,T
PhoR,92,P,S
PhoR,94,S,I
PhoR,98,I,S
PhoR,101,R,K
PhoR,144,I,L
PhoR,186,V,I
PhoR,211,I,M
PhoR,250,S,T
PhoR,256,V,I
PhoR,432,D,E
PhoR,437,V,I
PhoR,466,D,Y
PhoR,535,V,M
Pbp4,15,L,V
Pbp4,25,T,A
Pbp4,98,D,E
Pbp4,189,T,S
Pbp4,208,Y,F
Pbp4,253,P,T
Pbp4,322,S,P
Pbp4,381,V,F
Pbp4,383,Q,K
Pbp4,395,S,C
Pbp4,398,E,A
Pbp4,409,T,A
Pbp4,430,R,I
MsrR,146,E,D
MsrR,197,V,I
MsrR,313,K,R
Pbp2,113,T,I
Pbp2,172,A,T
Pbp2,197,Y,C
Pbp2,262,R,C
Pbp2,269,E,Q
Pbp2,285,P,A
Pbp2,420,A,V
Pbp2,439,T,V
Pbp2,489,D,E
Pbp2,557,A,T
Pbp2,691,T,A
Pbp2,707,S,L
Pbp2,717,R,*
MprF,9,I,V
MprF,26,A,V
MprF,59,G,S
MprF,171,V,A
MprF,174,F,L
MprF,194,F,Y
MprF,223,A,V
MprF,267,P,S
MprF,319,T,M
MprF,371,I,L
MprF,375,I,M
MprF,400,F,Y
MprF,406,L,I
MprF,409,T,I
MprF,413,F,L
MprF,426,A,V
MprF,430,V,A
MprF,446,V,I
MprF,451,I,L
MprF,459,L,I
MprF,461,I,T
MprF,464,V,I
MprF,473,L,F
MprF,478,I,V
MprF,489,R,K
MprF,494,L,I
MprF,503,I,V
MprF,505,M,A
MprF,525,D,E
MprF,575,L,I
MprF,635,T,I
MprF,660,I,V
MprF,692,Q,E
MprF,696,E,T
MprF,709,E,D
MprF,778,Y,C
LytR,3,A,V
LytR,31,E,D
LytR,123,D,G
LytR,192,T,A
GraR,104,T,I
GraR,136,V,I
GraR,147,D,E
GraR,148,D,Q
GraR,207,S,G
GraR,212,I,V
GraS,8,V,A
GraS,15,K,M
GraS,26,I,F
GraS,55,L,M
GraS,59,I,L
GraS,62,F,Y
GraS,70,R,K
GraS,73,E,D
GraS,104,L,S
GraS,108,D,E
GraS,109,K,R
GraS,112,D,E
GraS,146,E,K
GraS,146.1,F,Y
GraS,182,F,Y
GraS,212,I,V
GraS,219,H,Y
GraS,224,I,T
GraS,232,R,K
GraS,245,Y,F
GraS,247,V,I
GraS,248,D,E
GraS,250,S,G
GraS,259,A,S
GraS,261,I,Y
GraS,265,H,Y
GraS,293,S,L
GraS,311,Q,H
GraS,318,I,V
GraS,325,K,R
